Title	Universe	Release	Worldwide	Domestic	Intl	Open	Budget	RT	MC	IMDb	Final
Iron Man	MCU	2008-05-02	$585.8M	$319.0M	$266.8M	$98.6M	$140.0M	94	79	7.9	
The Incredible Hulk	MCU	2008-06-13	$264.8M	$134.8M	$130.0M	$55.4M	$150.0M	68	61	6.6	
Iron Man 2	MCU	2010-05-07	$623.9M	$312.4M	$311.5M	$128.1M	$200.0M	72	57	6.9	
Thor	MCU	2011-05-06	$449.3M	$181.0M	$268.3M	$65.7M	$150.0M	77	57	7	
Captain America: The First Avenger	MCU	2011-07-22	$370.6M	$176.7M	$193.9M	$65.1M	$140.0M	80	66	6.9	
The Avengers	MCU	2012-05-12	$1520.5M	$623.4M	$897.2M	$207.4M	$220.0M	91	69	8	
Iron Man 3	MCU	2013-05-03	$1215.6M	$409.0M	$806.6M	$174.1M	$200.0M	79	62	7.1	
Man of Steel	DCEU	2013-06-14	$670.1M	$291.0M	$379.1M	$116.6M	$225.0M	56	55	7.1	
Thor: The Dark World	MCU	2013-11-08	$644.8M	$206.4M	$438.4M	$85.7M	$170.0M	67	54	6.7	
Captain America: The Winter Soldier	MCU	2014-04-04	$714.4M	$259.8M	$454.7M	$95.0M	$170.0M	90	70	7.7	
Guardians of the Galaxy	MCU	2014-08-01	$773.4M	$333.7M	$439.6M	$94.3M	$170.0M	91	76	8	
Avengers: Age of Ultron	MCU	2015-05-01	$1405.0M	$459.0M	$946.0M	$191.3M	$250.0M	75	66	7.3	
Ant-Man	MCU	2015-07-17	$519.3M	$180.2M	$339.1M	$57.2M	$130.0M	83	64	7.2	
Batman v Superman: Dawn of Justice	DCEU	2016-03-25	$874.4M	$330.4M	$544.0M	$166.0M	$250.0M	28	44	6.4	
Captain America: Civil War	MCU	2016-05-06	$1155.0M	$408.1M	$747.0M	$179.1M	$250.0M	90	75	7.8	
Suicide Squad	DCEU	2016-08-05	$749.2M	$325.1M	$424.1M	$133.7M	$175.0M	26	40	5.9	
Doctor Strange	MCU	2016-11-04	$677.8M	$232.6M	$445.2M	$85.1M	$165.0M	89	72	7.5	
Guardians of the Galaxy Vol. 2	MCU	2017-05-05	$863.8M	$389.8M	$474.0M	$146.5M	$200.0M	85	67	7.6	
Wonder Woman	DCEU	2017-06-02	$824.0M	$412.8M	$411.1M	$103.3M	$149.0M	93	76	7.3	
Spider-Man: Homecoming	MCU	2017-07-07	$881.0M	$335.0M	$546.0M	$117.0M	$175.0M	92	73	7.4	
Thor: Ragnarok	MCU	2017-11-03	$855.3M	$315.1M	$540.2M	$122.7M	$180.0M	93	74	7.9	
Justice League	DCEU	2017-11-17	$661.3M	$229.0M	$432.3M	$93.8M	$300.0M*	39	45	6	
Black Panther	MCU	2018-02-16	$1349.9M	$700.4M	$649.5M	$202.0M	$200.0M	96	88	7.3	
Avengers: Infinity War	MCU	2018-04-27	$2052.4M	$678.8M	$1373.6M	$257.7M	$350.0M	85	68	8.4	
Ant-Man and the Wasp	MCU	2018-07-06	$622.7M	$216.6M	$406.0M	$75.8M	$162.0M*	87	70	7	
Aquaman	DCEU	2018-12-21	$1152.0M	$335.1M	$816.9M	$67.9M	$200.0M*	66	55	6.8	
Captain Marvel	MCU	2019-03-08	$1131.4M	$426.8M	$704.6M	$153.4M	$160.0M	79	64	6.7	
Shazam!	DCEU	2019-04-05	$367.8M	$140.5M	$227.3M	$53.5M	$100.0M	90	71	7	
Avengers: Endgame	MCU	2019-04-26	$2799.4M	$858.4M	$1941.1M	$357.1M	$356.0M	94	78	8.4	
Spider-Man: Far From Home	MCU	2019-07-02	$1132.7M	$391.3M	$741.4M	$92.6M	$160.0M	91	69	7.3	
Joker	Elseworlds	2019-10-04	$1079.0M	$335.5M	$743.5M	$96.2M	$55.0M	68	59	8.3	
Birds of Prey (and the Fantabulous Emancipation of One Harley Quinn)	DCEU	2020-02-07	$205.5M	$84.2M	$121.2M	$33.0M	$84.5M	79	60	6.1	
Wonder Woman 1984	DCEU	2020-12-25	$169.6M	$46.8M	$122.8M	$16.7M	$200.0M*	57	60	5.3	
Black Widow	MCU	2021-07-09	$379.8M	$183.7M	$196.1M	$80.4M	$200.0M*	79	68	6.6	
The Suicide Squad	DCEU	2021-08-05	$168.7M	$55.8M	$112.9M	$26.2M	$185.0M	90	72	7.2	
Shang-Chi and the Legend of the Ten Rings	MCU	2021-09-03	$432.2M	$224.5M	$207.7M	$75.4M	$150.0M*	92	71	7.3	
Eternals	MCU	2021-11-05	$402.1M	$164.9M	$237.2M	$71.3M	$200.0M*	48	52	6.2	
Spider-Man: No Way Home	MCU	2021-12-17	$1921.4M	$814.9M	$1106.5M	$260.1M	$200.0M	93	71	8.1	
Doctor Strange in the Multiverse of Madness	MCU	2022-05-06	$955.8M	$411.3M	$544.4M	$187.4M	$414.9M	73	60	6.9	
Thor: Love and Thunder	MCU	2022-07-08	$760.9M	$343.3M	$417.7M	$144.2M	$250.0M*	64	57	6.1	
Black Adam	DCEU	2022-10-21	$393.5M	$168.2M	$225.3M	$67.0M	$260.0M*	39	41	6.1	
Black Panther: Wakanda Forever	MCU	2022-11-11	$859.2M	$453.8M	$405.4M	$181.3M	$250.0M	84	67	6.6	
Ant-Man and the Wasp: Quantumania	MCU	2023-02-17	$476.1M	$214.5M	$261.6M	$106.1M	$200.0M*	46	48	6	
Shazam! Fury of the Gods	DCEU	2023-03-17	$134.1M	$57.6M	$76.5M	$30.1M	$125.0M*	49	47	5.9	
Guardians of the Galaxy Vol. 3	MCU	2023-05-05	$845.6M	$359.0M	$486.6M	$118.4M	$250.0M	82	64	7.9	
The Flash	DCEU	2023-06-16	$271.4M	$108.1M	$163.3M	$55.0M	$200.0M*	63	55	6.6	
Blue Beetle	DCEU	2023-08-18	$130.8M	$72.5M	$58.3M	$25.0M	$120.0M*	78	61	5.9	
The Marvels	MCU	2023-11-10	$206.1M	$84.5M	$121.6M	$46.1M	$274.8M*	63	50	5.5	
Aquaman and the Lost Kingdom	DCEU	2023-12-20	$440.2M	$124.5M	$315.7M	$27.7M	$205.0M*	33	42	5.6	
Deadpool & Wolverine	MCU	2024-07-26	$1338.1M	$636.7M	$701.3M	$211.4M	$537.0M	77	56	7.5	
Joker: Folie à Deux	Elseworlds	2024-10-04	$207.5M	$58.3M	$149.2M	$37.7M	$200.0M*	31	45	5.2	
Captain America: Brave New World	MCU	2025-02-14	$415.1M	$200.5M	$214.6M	$88.8M	$180.0M*	46	42	5.6	
Thunderbolts*	MCU	2025-05-02	$382.4M	$190.3M	$192.2M	$74.3M	$180.0M*	88	68	7.1	
Superman	DCU	2025-07-11	$618.7M	$354.2M	$264.5M	$125.0M	$225.0M	83	68	7	
The Fantastic Four: First Steps	MCU	2025-07-25	$521.9M	$274.3M	$247.6M	$117.6M	$200.0M*	86	65	6.8	
Supergirl	DCU	2026-06-26	$126.4M	$72.4M	$54.0M	$37.1M	$200.0M*	53	50	5.9	IN RELEASE
Spider-Man: Brand New Day	MCU	2026-07-31	$2341.3M	$899.8M	$1441.5M	$360.1M	$200.0M*	89	66	8.1	IN RELEASE
